vals,
1e-12,
2.2000000000000003e-12,
4.7e-12,
1e-11,
2.2e-11,
4.7e-11,
1e-10,
2.2000000000000002e-10,
4.7e-10,
1e-09,
2.2000000000000003e-09,
4.700000000000001e-09,
1e-08,
2.2000000000000002e-08,
4.7000000000000004e-08,
1e-07,
2.2e-07,
4.7e-07,
1e-06,
2.2e-06,
4.7e-06,
1e-05,
2.2000000000000003e-05,
4.7000000000000004e-05,
0.0001,
0.00022000000000000003,
0.00047000000000000004,
0.001,
0.0022,
0.0047,
0.01,
0.022000000000000002,
0.047,
0.1,
0.22000000000000003,
0.47000000000000003,
1.0,
2.2,
4.7,
10.0,
22.0,
47.0,
100.0,
220.00000000000003,
470.0,
1000.0,
2200.0,
4700.0,
10000.0,
22000.0,
47000.0,
100000.0,
220000.00000000003,
470000.0,
1000000.0,
2200000.0,
4700000.0,
10000000.0,
22000000.0,
47000000.0,
100000000.0,
220000000.00000003,
470000000.0,
1000000000.0,
2200000000.0,
4700000000.0,
