vals,
1e-12,
1.5e-12,
2.2000000000000003e-12,
3.2999999999999997e-12,
4.7e-12,
6.799999999999999e-12,
1e-11,
1.5e-11,
2.2e-11,
3.2999999999999996e-11,
4.7e-11,
6.8e-11,
1e-10,
1.5e-10,
2.2000000000000002e-10,
3.3e-10,
4.7e-10,
6.8e-10,
1e-09,
1.5000000000000002e-09,
2.2000000000000003e-09,
3.3e-09,
4.700000000000001e-09,
6.8000000000000005e-09,
1e-08,
1.5000000000000002e-08,
2.2000000000000002e-08,
3.3e-08,
4.7000000000000004e-08,
6.8e-08,
1e-07,
1.5e-07,
2.2e-07,
3.2999999999999996e-07,
4.7e-07,
6.8e-07,
1e-06,
1.5e-06,
2.2e-06,
3.2999999999999997e-06,
4.7e-06,
6.799999999999999e-06,
1e-05,
1.5000000000000002e-05,
2.2000000000000003e-05,
3.3e-05,
4.7000000000000004e-05,
6.8e-05,
0.0001,
0.00015000000000000001,
0.00022000000000000003,
0.00033,
0.00047000000000000004,
0.00068,
0.001,
0.0015,
0.0022,
0.0033,
0.0047,
0.0068,
0.01,
0.015,
0.022000000000000002,
0.033,
0.047,
0.068,
0.1,
0.15000000000000002,
0.22000000000000003,
0.33,
0.47000000000000003,
0.68,
1.0,
1.5,
2.2,
3.3,
4.7,
6.8,
10.0,
15.0,
22.0,
33.0,
47.0,
68.0,
100.0,
150.0,
220.00000000000003,
330.0,
470.0,
680.0,
1000.0,
1500.0,
2200.0,
3300.0,
4700.0,
6800.0,
10000.0,
15000.0,
22000.0,
33000.0,
47000.0,
68000.0,
100000.0,
150000.0,
220000.00000000003,
330000.0,
470000.0,
680000.0,
1000000.0,
1500000.0,
2200000.0,
3300000.0,
4700000.0,
6800000.0,
10000000.0,
15000000.0,
22000000.0,
33000000.0,
47000000.0,
68000000.0,
100000000.0,
150000000.0,
220000000.00000003,
330000000.0,
470000000.0,
680000000.0,
1000000000.0,
1500000000.0,
2200000000.0,
3300000000.0,
4700000000.0,
6800000000.0,
